{
    "companies_1": {
        "p": 0.6,
        "r": 1.0,
        "f1": 0.7499999999999999
    },
    "companies_2": {
        "p": 1.0,
        "r": 1.0,
        "f1": 1.0
    },
    "companies_3": {
        "p": 0.8,
        "r": 1.0,
        "f1": 0.888888888888889
    },
    "eshopping_1": {
        "p": 0.5833333333333334,
        "r": 1.0,
        "f1": 0.7368421052631579
    },
    "finance_1": {
        "p": 0.06521739130434782,
        "r": 1.0,
        "f1": 0.12244897959183672
    },
    "finance_2": {
        "p": 0.04878048780487805,
        "r": 1.0,
        "f1": 0.09302325581395349
    },
    "hotels_1": {
        "p": 1.0,
        "r": 1.0,
        "f1": 1.0
    },
    "hotels_2": {
        "p": 1.0,
        "r": 1.0,
        "f1": 1.0
    },
    "jobs_1": {
        "p": 1.0,
        "r": 1.0,
        "f1": 1.0
    },
    "jobs_2": {
        "p": 0.631578947368421,
        "r": 1.0,
        "f1": 0.7741935483870968
    },
    "realestate_1": {
        "p": 0.6,
        "r": 1.0,
        "f1": 0.7499999999999999
    },
    "restaurants_1": {
        "p": 0.11764705882352941,
        "r": 1.0,
        "f1": 0.21052631578947367
    },
    "restaurants_2": {
        "p": 0.8,
        "r": 1.0,
        "f1": 0.888888888888889
    }
}